{
  "shFHEr~BQ2eG)|)ZZO%R": {
    "id": "shFHEr~BQ2eG)|)ZZO%R",
    "text": "[\n[1,1,1]\n[1,0,1]\n[1,1,1]\n]",
    "x": 989.1438480686462,
    "y": -902.7464693274196,
    "width": 90.82220458984375,
    "height": 151.54832458496094,
    "minimized": false,
    "blockId": null
  }
}